<annotation>
	<folder>train</folder>
	<filename>2Q__ (2).jpg</filename>
	<path>C:\Users\User\Desktop\Object_detection_tutorial1\Cups\Images\train\2Q__ (2).jpg</path>
	<source>
		<database>Unknown</database>
	</source>
	<size>
		<width>225</width>
		<height>225</height>
		<depth>3</depth>
	</size>
	<segmented>0</segmented>
	<object>
		<name>cup</name>
		<pose>Unspecified</pose>
		<truncated>1</truncated>
		<difficult>0</difficult>
		<bndbox>
			<xmin>39</xmin>
			<ymin>34</ymin>
			<xmax>225</xmax>
			<ymax>162</ymax>
		</bndbox>
	</object>
</annotation>
