<annotation>
	<folder>cup images - Tafuta na Google</folder>
	<filename>images (24).jpg</filename>
	<path>C:\Users\User\Desktop\Object_detection_tutorial1\Cups\Images\Test\cup images - Tafuta na Google\images (24).jpg</path>
	<source>
		<database>Unknown</database>
	</source>
	<size>
		<width>275</width>
		<height>183</height>
		<depth>3</depth>
	</size>
	<segmented>0</segmented>
	<object>
		<name>cup</name>
		<pose>Unspecified</pose>
		<truncated>0</truncated>
		<difficult>0</difficult>
		<bndbox>
			<xmin>40</xmin>
			<ymin>7</ymin>
			<xmax>236</xmax>
			<ymax>171</ymax>
		</bndbox>
	</object>
</annotation>
