<annotation>
	<folder>cup images - Tafuta na Google</folder>
	<filename>images - 2020-10-18T150115.094.jpg</filename>
	<path>C:\Users\User\Desktop\Object_detection_tutorial1\Cups\Images\Test\cup images - Tafuta na Google\images - 2020-10-18T150115.094.jpg</path>
	<source>
		<database>Unknown</database>
	</source>
	<size>
		<width>306</width>
		<height>165</height>
		<depth>3</depth>
	</size>
	<segmented>0</segmented>
	<object>
		<name>cup</name>
		<pose>Unspecified</pose>
		<truncated>0</truncated>
		<difficult>0</difficult>
		<bndbox>
			<xmin>3</xmin>
			<ymin>87</ymin>
			<xmax>82</xmax>
			<ymax>145</ymax>
		</bndbox>
	</object>
	<object>
		<name>cup</name>
		<pose>Unspecified</pose>
		<truncated>0</truncated>
		<difficult>0</difficult>
		<bndbox>
			<xmin>14</xmin>
			<ymin>20</ymin>
			<xmax>78</xmax>
			<ymax>69</ymax>
		</bndbox>
	</object>
</annotation>
