<annotation>
	<folder>cup images - Tafuta na Google</folder>
	<filename>images (28).jpg</filename>
	<path>C:\Users\User\Desktop\Object_detection_tutorial1\Cups\Images\Test\cup images - Tafuta na Google\images (28).jpg</path>
	<source>
		<database>Unknown</database>
	</source>
	<size>
		<width>231</width>
		<height>218</height>
		<depth>3</depth>
	</size>
	<segmented>0</segmented>
	<object>
		<name>cup</name>
		<pose>Unspecified</pose>
		<truncated>0</truncated>
		<difficult>0</difficult>
		<bndbox>
			<xmin>19</xmin>
			<ymin>118</ymin>
			<xmax>144</xmax>
			<ymax>189</ymax>
		</bndbox>
	</object>
</annotation>
