<annotation>
	<folder>train</folder>
	<filename>images - 2020-10-18T150002.164.jpg</filename>
	<path>C:\Users\User\Desktop\Object_detection_tutorial1\Cups\Images\train\images - 2020-10-18T150002.164.jpg</path>
	<source>
		<database>Unknown</database>
	</source>
	<size>
		<width>275</width>
		<height>183</height>
		<depth>3</depth>
	</size>
	<segmented>0</segmented>
	<object>
		<name>cup</name>
		<pose>Unspecified</pose>
		<truncated>0</truncated>
		<difficult>0</difficult>
		<bndbox>
			<xmin>104</xmin>
			<ymin>4</ymin>
			<xmax>209</xmax>
			<ymax>114</ymax>
		</bndbox>
	</object>
</annotation>
