<annotation>
	<folder>cup images - Tafuta na Google</folder>
	<filename>images - 2020-10-18T150057.176.jpg</filename>
	<path>C:\Users\User\Desktop\Object_detection_tutorial1\Cups\Images\Test\cup images - Tafuta na Google\images - 2020-10-18T150057.176.jpg</path>
	<source>
		<database>Unknown</database>
	</source>
	<size>
		<width>256</width>
		<height>197</height>
		<depth>3</depth>
	</size>
	<segmented>0</segmented>
	<object>
		<name>cup</name>
		<pose>Unspecified</pose>
		<truncated>0</truncated>
		<difficult>0</difficult>
		<bndbox>
			<xmin>113</xmin>
			<ymin>144</ymin>
			<xmax>164</xmax>
			<ymax>184</ymax>
		</bndbox>
	</object>
</annotation>
