<annotation>
	<folder>train</folder>
	<filename>images - 2020-10-18T150045.825.jpg</filename>
	<path>C:\Users\User\Desktop\Object_detection_tutorial1\Cups\Images\train\images - 2020-10-18T150045.825.jpg</path>
	<source>
		<database>Unknown</database>
	</source>
	<size>
		<width>279</width>
		<height>180</height>
		<depth>3</depth>
	</size>
	<segmented>0</segmented>
	<object>
		<name>cup</name>
		<pose>Unspecified</pose>
		<truncated>0</truncated>
		<difficult>0</difficult>
		<bndbox>
			<xmin>100</xmin>
			<ymin>101</ymin>
			<xmax>212</xmax>
			<ymax>170</ymax>
		</bndbox>
	</object>
</annotation>
