<annotation>
	<folder>cup images - Tafuta na Google</folder>
	<filename>images (16).jpg</filename>
	<path>C:\Users\User\Desktop\Object_detection_tutorial1\Cups\Images\Test\cup images - Tafuta na Google\images (16).jpg</path>
	<source>
		<database>Unknown</database>
	</source>
	<size>
		<width>216</width>
		<height>233</height>
		<depth>1</depth>
	</size>
	<segmented>0</segmented>
	<object>
		<name>cup</name>
		<pose>Unspecified</pose>
		<truncated>0</truncated>
		<difficult>0</difficult>
		<bndbox>
			<xmin>23</xmin>
			<ymin>28</ymin>
			<xmax>205</xmax>
			<ymax>207</ymax>
		</bndbox>
	</object>
</annotation>
