<annotation>
	<folder>cup images - Tafuta na Google</folder>
	<filename>Z (4).jpg</filename>
	<path>C:\Users\User\Desktop\Object_detection_tutorial1\Cups\Images\Test\cup images - Tafuta na Google\Z (4).jpg</path>
	<source>
		<database>Unknown</database>
	</source>
	<size>
		<width>225</width>
		<height>225</height>
		<depth>1</depth>
	</size>
	<segmented>0</segmented>
	<object>
		<name>cup</name>
		<pose>Unspecified</pose>
		<truncated>0</truncated>
		<difficult>0</difficult>
		<bndbox>
			<xmin>58</xmin>
			<ymin>76</ymin>
			<xmax>187</xmax>
			<ymax>211</ymax>
		</bndbox>
	</object>
</annotation>
