<annotation>
	<folder>train</folder>
	<filename>images - 2020-10-18T150016.635.jpg</filename>
	<path>C:\Users\User\Desktop\Object_detection_tutorial1\Cups\Images\train\images - 2020-10-18T150016.635.jpg</path>
	<source>
		<database>Unknown</database>
	</source>
	<size>
		<width>299</width>
		<height>168</height>
		<depth>3</depth>
	</size>
	<segmented>0</segmented>
	<object>
		<name>cup</name>
		<pose>Unspecified</pose>
		<truncated>1</truncated>
		<difficult>0</difficult>
		<bndbox>
			<xmin>50</xmin>
			<ymin>1</ymin>
			<xmax>292</xmax>
			<ymax>152</ymax>
		</bndbox>
	</object>
</annotation>
